-- =============================================================================
-- SkyHigh MES — Seed Data
-- =============================================================================

-- ---------------------------------------------------------------------------
-- Customer Types (3)
-- ---------------------------------------------------------------------------
INSERT INTO customer_types (id, name) VALUES
    ('11111111-0001-0001-0001-000000000001', 'Distributor'),
    ('11111111-0001-0001-0001-000000000002', 'Retailer'),
    ('11111111-0001-0001-0001-000000000003', 'Direct Brand');

-- ---------------------------------------------------------------------------
-- Countries (5)
-- ---------------------------------------------------------------------------
INSERT INTO countries (id, name, code) VALUES
    ('22222222-0002-0002-0002-000000000001', 'Thailand',   'THA'),
    ('22222222-0002-0002-0002-000000000002', 'Singapore',  'SGP'),
    ('22222222-0002-0002-0002-000000000003', 'Vietnam',    'VNM'),
    ('22222222-0002-0002-0002-000000000004', 'Malaysia',   'MYS'),
    ('22222222-0002-0002-0002-000000000005', 'UAE',        'ARE');

-- ---------------------------------------------------------------------------
-- UOMs (4)
-- ---------------------------------------------------------------------------
INSERT INTO uoms (id, name, code) VALUES
    ('33333333-0003-0003-0003-000000000001', 'Kilogram',  'KG'),
    ('33333333-0003-0003-0003-000000000002', 'Piece',     'PCS'),
    ('33333333-0003-0003-0003-000000000003', 'Litre',     'L'),
    ('33333333-0003-0003-0003-000000000004', 'Box',       'BOX');

-- UOM Conversions
INSERT INTO uom_conversions (id, from_uom_id, to_uom_id, item_id, factor) VALUES
    -- 1 KG = 1000 g (global)
    ('44444444-0004-0004-0004-000000000001',
     '33333333-0003-0003-0003-000000000001',
     '33333333-0003-0003-0003-000000000003',
     NULL, 1.0),
    -- 1 BOX = 12 PCS (global)
    ('44444444-0004-0004-0004-000000000002',
     '33333333-0003-0003-0003-000000000004',
     '33333333-0003-0003-0003-000000000002',
     NULL, 12.0);

-- ---------------------------------------------------------------------------
-- Items (7: 2 FG, 3 RawMat, 2 PackMat — 5 non-FG enables 5-line BOMs)
-- ---------------------------------------------------------------------------
INSERT INTO items (id, code, description, item_type, uom_id, is_active) VALUES
    -- Finished Goods
    ('55555555-0005-0005-0005-000000000001', 'FG-001', 'Moisturising Cream 50ml',    'fg',       '33333333-0003-0003-0003-000000000002', TRUE),
    ('55555555-0005-0005-0005-000000000002', 'FG-002', 'Brightening Serum 30ml',     'fg',       '33333333-0003-0003-0003-000000000002', TRUE),
    -- Raw Materials
    ('55555555-0005-0005-0005-000000000003', 'RM-001', 'Shea Butter',                'raw_mat',  '33333333-0003-0003-0003-000000000001', TRUE),
    ('55555555-0005-0005-0005-000000000004', 'RM-002', 'Niacinamide 10% Solution',   'raw_mat',  '33333333-0003-0003-0003-000000000003', TRUE),
    ('55555555-0005-0005-0005-000000000007', 'RM-003', 'Glycerin USP',               'raw_mat',  '33333333-0003-0003-0003-000000000003', TRUE),
    -- Packaging Materials
    ('55555555-0005-0005-0005-000000000005', 'PM-001', 'Airless Pump Bottle 50ml',   'pack_mat', '33333333-0003-0003-0003-000000000002', TRUE),
    ('55555555-0005-0005-0005-000000000006', 'PM-002', 'Dropper Bottle 30ml',        'pack_mat', '33333333-0003-0003-0003-000000000002', TRUE);

-- ---------------------------------------------------------------------------
-- Suppliers (2)
-- ---------------------------------------------------------------------------
INSERT INTO suppliers (id, name, country_id, supplier_type, category, lead_time_days, is_active) VALUES
    ('66666666-0006-0006-0006-000000000001', 'BASF SE',           '22222222-0002-0002-0002-000000000005', 'international', 'Raw Materials', 45, TRUE),
    ('66666666-0006-0006-0006-000000000002', 'Thai Packaging Co', '22222222-0002-0002-0002-000000000001', 'local',         'Packaging',     14, TRUE);

-- Item-Supplier links
INSERT INTO item_suppliers (id, item_id, supplier_id, is_preferred) VALUES
    ('77777777-0007-0007-0007-000000000001', '55555555-0005-0005-0005-000000000003', '66666666-0006-0006-0006-000000000001', TRUE),
    ('77777777-0007-0007-0007-000000000002', '55555555-0005-0005-0005-000000000004', '66666666-0006-0006-0006-000000000001', TRUE),
    ('77777777-0007-0007-0007-000000000005', '55555555-0005-0005-0005-000000000007', '66666666-0006-0006-0006-000000000001', TRUE),
    ('77777777-0007-0007-0007-000000000003', '55555555-0005-0005-0005-000000000005', '66666666-0006-0006-0006-000000000002', TRUE),
    ('77777777-0007-0007-0007-000000000004', '55555555-0005-0005-0005-000000000006', '66666666-0006-0006-0006-000000000002', TRUE);

-- ---------------------------------------------------------------------------
-- Customers (5)
-- ---------------------------------------------------------------------------
INSERT INTO customers (id, name, customer_type_id, country_id) VALUES
    ('88888888-0008-0008-0008-000000000001', 'BeautyFirst SG',   '11111111-0001-0001-0001-000000000001', '22222222-0002-0002-0002-000000000002'),
    ('88888888-0008-0008-0008-000000000002', 'GlowThai Co',      '11111111-0001-0001-0001-000000000002', '22222222-0002-0002-0002-000000000001'),
    ('88888888-0008-0008-0008-000000000003', 'Lumière Vietnam',  '11111111-0001-0001-0001-000000000003', '22222222-0002-0002-0002-000000000003'),
    ('88888888-0008-0008-0008-000000000004', 'Radiance MY',      '11111111-0001-0001-0001-000000000001', '22222222-0002-0002-0002-000000000004'),
    ('88888888-0008-0008-0008-000000000005', 'Aura Dubai LLC',   '11111111-0001-0001-0001-000000000003', '22222222-0002-0002-0002-000000000005');

-- ---------------------------------------------------------------------------
-- BOMs (2, each with 5 lines)
-- ---------------------------------------------------------------------------
INSERT INTO boms (id, code, item_id, version, status) VALUES
    ('99999999-0009-0009-0009-000000000001', 'BOM-FG001-V1', '55555555-0005-0005-0005-000000000001', 1, 'active'),
    ('99999999-0009-0009-0009-000000000002', 'BOM-FG002-V1', '55555555-0005-0005-0005-000000000002', 1, 'active');

-- BOM lines for Moisturising Cream (BOM-FG001-V1) — 1000-unit batch
INSERT INTO bom_lines (id, bom_id, component_item_id, qty_per_batch, uom_id, line_order) VALUES
    ('aaaaaaaa-000a-000a-000a-000000000001', '99999999-0009-0009-0009-000000000001', '55555555-0005-0005-0005-000000000003', 25.000,   '33333333-0003-0003-0003-000000000001', 1),  -- Shea Butter 25 KG
    ('aaaaaaaa-000a-000a-000a-000000000002', '99999999-0009-0009-0009-000000000001', '55555555-0005-0005-0005-000000000004', 10.000,   '33333333-0003-0003-0003-000000000003', 2),  -- Niacinamide 10 L
    ('aaaaaaaa-000a-000a-000a-000000000003', '99999999-0009-0009-0009-000000000001', '55555555-0005-0005-0005-000000000007', 15.000,   '33333333-0003-0003-0003-000000000003', 3),  -- Glycerin 15 L
    ('aaaaaaaa-000a-000a-000a-000000000004', '99999999-0009-0009-0009-000000000001', '55555555-0005-0005-0005-000000000005', 1000.000, '33333333-0003-0003-0003-000000000002', 4),  -- Airless Pump Bottles 1000 PCS
    ('aaaaaaaa-000a-000a-000a-000000000005', '99999999-0009-0009-0009-000000000001', '55555555-0005-0005-0005-000000000006', 20.000,   '33333333-0003-0003-0003-000000000002', 5);  -- Dropper Bottle (as dispenser cap) 20 PCS

-- BOM lines for Brightening Serum (BOM-FG002-V1) — 1000-unit batch
INSERT INTO bom_lines (id, bom_id, component_item_id, qty_per_batch, uom_id, line_order) VALUES
    ('aaaaaaaa-000a-000a-000a-000000000006', '99999999-0009-0009-0009-000000000002', '55555555-0005-0005-0005-000000000004', 20.000,   '33333333-0003-0003-0003-000000000003', 1),  -- Niacinamide 20 L
    ('aaaaaaaa-000a-000a-000a-000000000007', '99999999-0009-0009-0009-000000000002', '55555555-0005-0005-0005-000000000003', 8.000,    '33333333-0003-0003-0003-000000000001', 2),  -- Shea Butter 8 KG
    ('aaaaaaaa-000a-000a-000a-000000000008', '99999999-0009-0009-0009-000000000002', '55555555-0005-0005-0005-000000000007', 12.000,   '33333333-0003-0003-0003-000000000003', 3),  -- Glycerin 12 L
    ('aaaaaaaa-000a-000a-000a-000000000009', '99999999-0009-0009-0009-000000000002', '55555555-0005-0005-0005-000000000006', 1000.000, '33333333-0003-0003-0003-000000000002', 4),  -- Dropper Bottles 1000 PCS
    ('aaaaaaaa-000a-000a-000a-00000000000a', '99999999-0009-0009-0009-000000000002', '55555555-0005-0005-0005-000000000005', 50.000,   '33333333-0003-0003-0003-000000000002', 5);  -- Pump Bottle (as secondary seal) 50 PCS

-- ---------------------------------------------------------------------------
-- Sales Orders (3, at different stages)
-- ---------------------------------------------------------------------------
INSERT INTO sales_orders (id, order_number, customer_id, country_id, status, total_pieces, artwork_status, fda_required, fda_status) VALUES
    ('bbbbbbbb-000b-000b-000b-000000000001', 'SO-2026-001', '88888888-0008-0008-0008-000000000001', '22222222-0002-0002-0002-000000000002', 'planning',   5000.0,  'approved',  FALSE, NULL),
    ('bbbbbbbb-000b-000b-000b-000000000002', 'SO-2026-002', '88888888-0008-0008-0008-000000000003', '22222222-0002-0002-0002-000000000003', 'artwork',    2000.0,  'in_review', TRUE,  'pending'),
    ('bbbbbbbb-000b-000b-000b-000000000003', 'SO-2026-003', '88888888-0008-0008-0008-000000000005', '22222222-0002-0002-0002-000000000005', 'production', 10000.0, 'approved',  TRUE,  'approved');

-- ---------------------------------------------------------------------------
-- Inventory (matching items, realistic stock levels)
-- ---------------------------------------------------------------------------
INSERT INTO inventory (id, item_id, qty_on_hand, qty_reserved) VALUES
    ('cccccccc-000c-000c-000c-000000000001', '55555555-0005-0005-0005-000000000001', 0.0000,    0.0000),   -- FG-001 (not yet produced)
    ('cccccccc-000c-000c-000c-000000000002', '55555555-0005-0005-0005-000000000002', 0.0000,    0.0000),   -- FG-002 (not yet produced)
    ('cccccccc-000c-000c-000c-000000000003', '55555555-0005-0005-0005-000000000003', 120.0000,  25.0000),  -- Shea Butter: 120 KG on hand, 25 reserved
    ('cccccccc-000c-000c-000c-000000000004', '55555555-0005-0005-0005-000000000004', 45.0000,   20.0000),  -- Niacinamide: 45 L on hand, 20 reserved
    ('cccccccc-000c-000c-000c-000000000007', '55555555-0005-0005-0005-000000000007', 60.0000,   15.0000),  -- Glycerin: 60 L on hand, 15 reserved
    ('cccccccc-000c-000c-000c-000000000005', '55555555-0005-0005-0005-000000000005', 3500.0000, 1000.0000), -- Pump Bottles
    ('cccccccc-000c-000c-000c-000000000006', '55555555-0005-0005-0005-000000000006', 800.0000,  0.0000);   -- Dropper Bottles

-- ---------------------------------------------------------------------------
-- Default admin user (password: Admin@1234 — bcrypt hash)
-- Change before deploying to production!
-- ---------------------------------------------------------------------------
INSERT INTO users (id, email, password_hash) VALUES
    ('dddddddd-000d-000d-000d-000000000001',
     'admin@skyhigh.com',
     '$2b$12$4eBSrhC5XiYmYXwS/nNzIOPgexU.cKvBfvo/H24kkFo9LQUY/X1Q6');
